country,year,fdi
Angola,1999,2471.401
Angola,2000,878.601
Angola,2001,2145.501
Angola,2002,1743.504
Angola,2003,3576.97178
Angola,2004,2197.22782
Angola,2005,-1303.83693
Angola,2006,-37.7148599
Angola,2007,-893.342152
Angola,2008,1678.97101
Angola,2009,2205.29818
Angola,2010,-3227.211182
Angola,2011,-3023.770966
Angola,2012,-1464.627991
Angola,2013,-7120.017424
Angola,2014,3657.514667
Angola,2015,10028.21516
Angola,2016,-179.5176189
Angola,2017,-7397.295409
Angola,2018,-6456.076413
Angola,2019,-4098.478748
Angola,2020,-1866.468113
Benin,1999,39.26431584
Benin,2000,59.73656415
Benin,2001,43.8585123
Benin,2002,13.50812353
Benin,2003,44.73158981
Benin,2004,63.84432645
Benin,2005,53.04397613
Benin,2006,53.20048194
Benin,2007,255.2439454
Benin,2008,169.8350845
Benin,2009,134.2860652
Benin,2010,176.8040914
Benin,2011,161.091348
Benin,2012,281.564834
Benin,2013,360.3433831
Benin,2014,405.7373285
Benin,2015,149.7556121
Benin,2016,131.790684
Benin,2017,200.9027192
Benin,2018,194.0736833
Benin,2019,218.2078716
Benin,2020,175.8637696
Botswana,1999,36.67437936
Botswana,2000,61.24330139
Botswana,2001,30.68191933
Botswana,2002,403.4139037
Botswana,2003,417.9857089
Botswana,2004,391.0666988
Botswana,2005,278.5914859
Botswana,2006,486.3900373
Botswana,2007,494.5869316
Botswana,2008,520.9177751
Botswana,2009,208.6993468
Botswana,2010,218.3799983
Botswana,2011,293.2077746
Botswana,2012,146.4941765
Botswana,2013,67.13663298
Botswana,2014,515.1840884
Botswana,2015,378.5538701
Botswana,2016,142.5225765
Botswana,2017,260.5750454
Botswana,2018,285.9550619
Botswana,2019,93.60712713
Botswana,2020,80.06275641
Burkina Faso,1999,7.92595083
Burkina Faso,2000,23.10752048
Burkina Faso,2001,6.267060825
Burkina Faso,2002,15.02608366
Burkina Faso,2003,29.12250516
Burkina Faso,2004,14.34831578
Burkina Faso,2005,34.1518348
Burkina Faso,2006,33.59406376
Burkina Faso,2007,343.5350233
Burkina Faso,2008,105.7714854
Burkina Faso,2009,100.8966805
Burkina Faso,2010,34.61901118
Burkina Faso,2011,143.6573095
Burkina Faso,2012,329.3008989
Burkina Faso,2013,490.4034144
Burkina Faso,2014,356.4038229
Burkina Faso,2015,231.9017029
Burkina Faso,2016,390.6221139
Burkina Faso,2017,2.57269032
Burkina Faso,2018,268.4149081
Burkina Faso,2019,162.969543
Burkina Faso,2020,148.5557263
Burundi,1999,-0.572606789
Burundi,2000,11.68324608
Burundi,2001,-0.002288183
Burundi,2002,NA
Burundi,2003,NA
Burundi,2004,0.044690708
Burundi,2005,0.584700161
Burundi,2006,0.031593887
Burundi,2007,0.500244946
Burundi,2008,3.833211042
Burundi,2009,0.348404299
Burundi,2010,0.780580947
Burundi,2011,3.355008049
Burundi,2012,0.6049196
Burundi,2013,7.407171159
Burundi,2014,47.06100928
Burundi,2015,7.360526937
Burundi,2016,0.055480793
Burundi,2017,0.316473449
Burundi,2018,0.98374712499999994
Burundi,2019,1.044958864
Burundi,2020,6.05709038
Cabo Verde,1999,61.12945837
Cabo Verde,2000,43.44576577
Cabo Verde,2001,12.68305292
Cabo Verde,2002,38.52445077
Cabo Verde,2003,12.41325197
Cabo Verde,2004,35.52927557
Cabo Verde,2005,53.43892067
Cabo Verde,2006,102.8544422
Cabo Verde,2007,210.9789586
Cabo Verde,2008,309.5749831
Cabo Verde,2009,164.8307729
Cabo Verde,2010,240.3228601
Cabo Verde,2011,266.7484519
Cabo Verde,2012,137.7493299
Cabo Verde,2013,72.0880824
Cabo Verde,2014,183.5600723
Cabo Verde,2015,120.3906157
Cabo Verde,2016,124.7263357
Cabo Verde,2017,110.8416831
Cabo Verde,2018,109.7868685
Cabo Verde,2019,106.5202899
Cabo Verde,2020,73.14806184
Cameroon,1999,-15.4947
Cameroon,2000,158.8009999
Cameroon,2001,73.2851
Cameroon,2002,601.7459999
Cameroon,2003,336.2679999
Cameroon,2004,86.1221
Cameroon,2005,234.007
Cameroon,2006,16.384
Cameroon,2007,191.017
Cameroon,2008,-24.1980188
Cameroon,2009,668.3289999
Cameroon,2010,-0.551
Cameroon,2011,355.3999999
Cameroon,2012,739.177
Cameroon,2013,567.239
Cameroon,2014,726.548
Cameroon,2015,627.442
Cameroon,2016,663.7889999
Cameroon,2017,814.0019999
Cameroon,2018,761.54954969999994
Cameroon,2019,1026.915328
Cameroon,2020,488.2293829
Central African Republic,1999,5.976946527
Central African Republic,2000,0.8890749
Central African Republic,2001,5.1838988
Central African Republic,2002,5.6442865
Central African Republic,2003,11.3
Central African Republic,2004,15.1
Central African Republic,2005,10.1
Central African Republic,2006,34.67
Central African Republic,2007,56.75
Central African Republic,2008,117.11
Central African Republic,2009,42.28
Central African Republic,2010,61.52
Central African Republic,2011,36.9084558
Central African Republic,2012,70.0351573
Central African Republic,2013,1.8527926
Central African Republic,2014,3.4750079
Central African Republic,2015,3
Central African Republic,2016,7.256090484
Central African Republic,2017,6.888751401
Central African Republic,2018,18.00353546
Central African Republic,2019,25.60115729
Central African Republic,2020,34.74719647
Chad,1999,24.52497081
Chad,2000,115.1724215
Chad,2001,459.8663918
Chad,2002,924.1192101
Chad,2003,712.6634549
Chad,2004,466.7934921
Chad,2005,-99.34251936
Chad,2006,-278.4139999
Chad,2007,-321.6549999
Chad,2008,466.1309999
Chad,2009,374.8999999
Chad,2010,313
Chad,2011,281.8999999
Chad,2012,579.7930374
Chad,2013,520.2007513
Chad,2014,-675.5459154
Chad,2015,559.6420225
Chad,2016,244.682121
Chad,2017,363.3816364
Chad,2018,460.8905076
Chad,2019,566.638948
Chad,2020,557.6925033
Comoros,1999,0.271
Comoros,2000,0.093636115
Comoros,2001,1.145914995
Comoros,2002,0.430423479
Comoros,2003,0.791465933
Comoros,2004,0.671354369
Comoros,2005,0.558643684
Comoros,2006,0.777727913
Comoros,2007,7.681788844
Comoros,2008,4.631825734
Comoros,2009,13.78410798
Comoros,2010,8.342262113
Comoros,2011,23.0881605
Comoros,2012,10.41204973
Comoros,2013,4.231644417
Comoros,2014,4.684558642
Comoros,2015,4.936699549
Comoros,2016,3.56982374
Comoros,2017,3.919473045
Comoros,2018,5.672348126
Comoros,2019,3.677361424
Comoros,2020,8.555423935
Congo,1999,520.6375193
Congo,2000,165.9044687
Congo,2001,77.25373411
Congo,2002,136.7785385
Congo,2003,323.1297316
Congo,2004,-8.487842736
Congo,2005,585.1634602
Congo,2006,553.5829716
Congo,2007,1467.628691
Congo,2008,2031.879948
Congo,2009,1272.939054
Congo,2010,928.4360065
Congo,2011,186.3050103
Congo,2012,-282.835188
Congo,2013,609.4404818
Congo,2014,1659.450225
Congo,2015,3803.300133
Congo,2016,1611.618196
Congo,2017,4416.953734
Congo,2018,4315.250918
Congo,2019,3366.085012
Congo,2020,4015.531451
"Congo, Dem. Rep. of the",1999,11.16
"Congo, Dem. Rep. of the",2000,94.1903999
"Congo, Dem. Rep. of the",2001,102.2218999
"Congo, Dem. Rep. of the",2002,187.5986936
"Congo, Dem. Rep. of the",2003,391.2547235
"Congo, Dem. Rep. of the",2004,409.0328144
"Congo, Dem. Rep. of the",2005,266.6
"Congo, Dem. Rep. of the",2006,256.118896
"Congo, Dem. Rep. of the",2007,1808.032721
"Congo, Dem. Rep. of the",2008,1726.843379
"Congo, Dem. Rep. of the",2009,663.8028875
"Congo, Dem. Rep. of the",2010,2939.27
"Congo, Dem. Rep. of the",2011,1686.9
"Congo, Dem. Rep. of the",2012,3312.142743
"Congo, Dem. Rep. of the",2013,2098.249103
"Congo, Dem. Rep. of the",2014,1843.173236
"Congo, Dem. Rep. of the",2015,1673.5001
"Congo, Dem. Rep. of the",2016,1204.708617
"Congo, Dem. Rep. of the",2017,1340.204101
"Congo, Dem. Rep. of the",2018,1616.794884
"Congo, Dem. Rep. of the",2019,1488.05357
"Congo, Dem. Rep. of the",2020,1646.921056
Côte d'Ivoire,1999,235.3487662
Côte d'Ivoire,2000,234.7017315
Côte d'Ivoire,2001,272.6798983
Côte d'Ivoire,2002,212.5804175
Côte d'Ivoire,2003,165.3905712
Côte d'Ivoire,2004,282.979831
Côte d'Ivoire,2005,311.920344
Côte d'Ivoire,2006,318.8643883
Côte d'Ivoire,2007,426.7767236
Côte d'Ivoire,2008,446.1473186
Côte d'Ivoire,2009,377.128928
Côte d'Ivoire,2010,338.9416428
Côte d'Ivoire,2011,301.5767188
Côte d'Ivoire,2012,330.275245
Côte d'Ivoire,2013,407.5905343
Côte d'Ivoire,2014,439.356961
Côte d'Ivoire,2015,494.4087541
Côte d'Ivoire,2016,577.8715193
Côte d'Ivoire,2017,975.0149981
Côte d'Ivoire,2018,620.3306458
Côte d'Ivoire,2019,935.6845969
Côte d'Ivoire,2020,508.5310225
Djibouti,1999,3.21290112
Djibouti,2000,3.286049482
Djibouti,2001,3.392958626
Djibouti,2002,3.432346206
Djibouti,2003,14.22454296
Djibouti,2004,38.54355985
Djibouti,2005,22.20334119
Djibouti,2006,108.2877094
Djibouti,2007,195.3511403
Djibouti,2008,228.9487455
Djibouti,2009,74.72273957
Djibouti,2010,36.50103252
Djibouti,2011,79.0002307
Djibouti,2012,109.9982557
Djibouti,2013,286.0044677
Djibouti,2014,152.9983852
Djibouti,2015,123.9984245
Djibouti,2016,159.9988746
Djibouti,2017,165.0011254
Djibouti,2018,170.003376
Djibouti,2019,222
Djibouti,2020,240
Equatorial Guinea,1999,154.2961739
Equatorial Guinea,2000,154.4995899
Equatorial Guinea,2001,940.7412157
Equatorial Guinea,2002,323.3915075
Equatorial Guinea,2003,689.779766
Equatorial Guinea,2004,340.9144685
Equatorial Guinea,2005,769.1461852
Equatorial Guinea,2006,469.5060146
Equatorial Guinea,2007,1242.731087
Equatorial Guinea,2008,-793.8723328
Equatorial Guinea,2009,1636.219625
Equatorial Guinea,2010,2734
Equatorial Guinea,2011,1975
Equatorial Guinea,2012,985.2564115
Equatorial Guinea,2013,582.9487019
Equatorial Guinea,2014,167.8751826
Equatorial Guinea,2015,233.3250728
Equatorial Guinea,2016,53.9988129
Equatorial Guinea,2017,304.8272495
Equatorial Guinea,2018,396.07778
Equatorial Guinea,2019,452.2871121
Equatorial Guinea,2020,529.8947461
Eritrea,1999,83.2220999
Eritrea,2000,27.8701067
Eritrea,2001,12.1316264
Eritrea,2002,22.7661658
Eritrea,2003,24.9997865
Eritrea,2004,24.1036648
Eritrea,2005,1.4315538
Eritrea,2006,15.3756097
Eritrea,2007,7.206504
Eritrea,2008,39
Eritrea,2009,91
Eritrea,2010,91
Eritrea,2011,39
Eritrea,2012,41.3579999
Eritrea,2013,43.859
Eritrea,2014,46.511
Eritrea,2015,49.323
Eritrea,2016,52.305
Eritrea,2017,55.468
Eritrea,2018,61.015
Eritrea,2019,67.116
Eritrea,2020,73.828
Eswatini,1999,100.3849755
Eswatini,2000,105.7950987
Eswatini,2001,28.17922263
Eswatini,2002,96.43572059
Eswatini,2003,-63.88842989
Eswatini,2004,69.58538258
Eswatini,2005,-45.85388712
Eswatini,2006,121.0358042
Eswatini,2007,37.49985805
Eswatini,2008,105.7228835
Eswatini,2009,65.6976257
Eswatini,2010,119.6385302
Eswatini,2011,108.3897047
Eswatini,2012,31.53813834
Eswatini,2013,84.67257793
Eswatini,2014,25.53729586
Eswatini,2015,41.32133838
Eswatini,2016,21.38486769
Eswatini,2017,-56.01018282
Eswatini,2018,36.47444927
Eswatini,2019,130.2214964
Eswatini,2020,40.91949497
Ethiopia,1999,69.98
Ethiopia,2000,134.6399999
Ethiopia,2001,349.3999999
Ethiopia,2002,255
Ethiopia,2003,465
Ethiopia,2004,545.1
Ethiopia,2005,265.112
Ethiopia,2006,545.2569999
Ethiopia,2007,222.001
Ethiopia,2008,108.538
Ethiopia,2009,221.46
Ethiopia,2010,288.2719999
Ethiopia,2011,626.5099999
Ethiopia,2012,278.5629999
Ethiopia,2013,1343.876
Ethiopia,2014,1855.05
Ethiopia,2015,2626.52
Ethiopia,2016,4142.937496
Ethiopia,2017,4017.1
Ethiopia,2018,3310.3
Ethiopia,2019,2548.8
Ethiopia,2020,2395.375577
Gabon,1999,-217.6875389
Gabon,2000,-42.62643685
Gabon,2001,-89.09075779
Gabon,2002,36.96333366
Gabon,2003,206.0788025
Gabon,2004,193.7287638
Gabon,2005,242.3350144
Gabon,2006,267.805
Gabon,2007,710.7189823
Gabon,2008,760.1630301
Gabon,2009,663.9985238
Gabon,2010,521.6656309
Gabon,2011,874.8731635
Gabon,2012,-220.8736658
Gabon,2013,771.1925535
Gabon,2014,1047.702947
Gabon,2015,990.7861789
Gabon,2016,1243.66016
Gabon,2017,1314.02933
Gabon,2018,1379.070816
Gabon,2019,1553.136875
Gabon,2020,1716.511506
Gambia,1999,49.4799999
Gambia,2000,43.52
Gambia,2001,35.4799999
Gambia,2002,42.8269999
Gambia,2003,10.70428003
Gambia,2004,55.52628862
Gambia,2005,53.6503426
Gambia,2006,82.20817582
Gambia,2007,76.46148094
Gambia,2008,70.10237739
Gambia,2009,39.44209665
Gambia,2010,37.11502213
Gambia,2011,36.0999999
Gambia,2012,41.2
Gambia,2013,25.5
Gambia,2014,35.5999999
Gambia,2015,12.5
Gambia,2016,-27.7
Gambia,2017,18.4448359
Gambia,2018,51.94
Gambia,2019,43.93
Gambia,2020,45.72
Ghana,1999,243.6999999
Ghana,2000,114.9
Ghana,2001,89.2999999
Ghana,2002,58.8999999
Ghana,2003,110.02
Ghana,2004,139.27
Ghana,2005,144.97
Ghana,2006,636.0099999
Ghana,2007,855.3999999
Ghana,2008,1220.42
Ghana,2009,2897.1
Ghana,2010,2527.36
Ghana,2011,3237.39
Ghana,2012,3293.43
Ghana,2013,3226.33
Ghana,2014,3356.99
Ghana,2015,3192.3
Ghana,2016,3485.3
Ghana,2017,3255
Ghana,2018,2989
Ghana,2019,3879
Ghana,2020,1877
Guinea,1999,63.45
Guinea,2000,9.9399999
Guinea,2001,1.6799999
Guinea,2002,30
Guinea,2003,82.7999999
Guinea,2004,97.9
Guinea,2005,105
Guinea,2006,125
Guinea,2007,385.8999999
Guinea,2008,381.88
Guinea,2009,NA
Guinea,2010,NA
Guinea,2011,956.06
Guinea,2012,0.29
Guinea,2013,-131.9
Guinea,2014,-73.7586037
Guinea,2015,53.2724584
Guinea,2016,1618.44726
Guinea,2017,577.59
Guinea,2018,352.76
Guinea,2019,44.4
Guinea,2020,324.9166667
Guinea-Bissau,1999,0.730876613
Guinea-Bissau,2000,0.702270863
Guinea-Bissau,2001,0.39561333
Guinea-Bissau,2002,3.545254725
Guinea-Bissau,2003,3.489332416
Guinea-Bissau,2004,9.180650596
Guinea-Bissau,2005,7.996693638
Guinea-Bissau,2006,17.32678001
Guinea-Bissau,2007,18.58045724
Guinea-Bissau,2008,5.142863523
Guinea-Bissau,2009,17.45286815
Guinea-Bissau,2010,33.22383232
Guinea-Bissau,2011,25.02405344
Guinea-Bissau,2012,6.624918956
Guinea-Bissau,2013,19.64528744
Guinea-Bissau,2014,28.8911559
Guinea-Bissau,2015,18.58302195
Guinea-Bissau,2016,23.99859117
Guinea-Bissau,2017,15.69119794
Guinea-Bissau,2018,20.56381823
Guinea-Bissau,2019,71.65868036
Guinea-Bissau,2020,20.41038028
Kenya,1999,13.8218624
Kenya,2000,110.9046111
Kenya,2001,5.302622602
Kenya,2002,27.6252336
Kenya,2003,81.7351983
Kenya,2004,46.063947
Kenya,2005,21.2129384
Kenya,2006,50.6748047
Kenya,2007,897.3969902
Kenya,2008,642.7404382
Kenya,2009,1855.194702
Kenya,2010,1882.068164
Kenya,2011,2233.93854
Kenya,2012,2175.051812
Kenya,2013,1978.360935
Kenya,2014,1513.900102
Kenya,2015,1463.737592
Kenya,2016,1138.612882
Kenya,2017,1403.567589
Kenya,2018,1139.438224
Kenya,2019,1098.375947
Kenya,2020,716.7562236
Lesotho,1999,32.73601027
Lesotho,2000,32.4007
Lesotho,2001,29.68
Lesotho,2002,28.4012999
Lesotho,2003,43.9365999
Lesotho,2004,56.68
Lesotho,2005,27.3999999
Lesotho,2006,24.3
Lesotho,2007,75.5999999
Lesotho,2008,11
Lesotho,2009,91.2999999
Lesotho,2010,9.5
Lesotho,2011,61.2
Lesotho,2012,56.7
Lesotho,2013,50.3999999
Lesotho,2014,94.5
Lesotho,2015,206.5
Lesotho,2016,159.1999999
Lesotho,2017,123.0999999
Lesotho,2018,128.6999999
Lesotho,2019,117.5999999
Lesotho,2020,102.0081641
Liberia,1999,256.2599999
Liberia,2000,20.8
Liberia,2001,8.3
Liberia,2002,2.7999999
Liberia,2003,372.22
Liberia,2004,75.3575
Liberia,2005,82.8081999
Liberia,2006,107.851
Liberia,2007,131.5999999
Liberia,2008,283.8009999
Liberia,2009,217.8034591
Liberia,2010,449.9588262
Liberia,2011,785.2999999
Liberia,2012,984.6
Liberia,2013,1061.27
Liberia,2014,276.6999999
Liberia,2015,626.96
Liberia,2016,453.18
Liberia,2017,247.84
Liberia,2018,129.13
Liberia,2019,86.68
Liberia,2020,86.96
Madagascar,1999,58.381
Madagascar,2000,82.9526
Madagascar,2001,93.0592
Madagascar,2002,61.10993201
Madagascar,2003,95.45113177
Madagascar,2004,95.19172116
Madagascar,2005,86.01968018
Madagascar,2006,294.5127636
Madagascar,2007,740.5260742
Madagascar,2008,1392.70123
Madagascar,2009,1269.409215
Madagascar,2010,764.685758
Madagascar,2011,788.0782373
Madagascar,2012,777.6365964
Madagascar,2013,551.3164112
Madagascar,2014,313.6822674
Madagascar,2015,435.8242269
Madagascar,2016,450.6262707
Madagascar,2017,357.8622064
Madagascar,2018,352.5516226
Madagascar,2019,474.3114254
Madagascar,2020,359.141033
Malawi,1999,58.49986731
Malawi,2000,39.6317699
Malawi,2001,39.370078
Malawi,2002,38.7190554
Malawi,2003,13.2620926
Malawi,2004,58.9487571
Malawi,2005,99.140819
Malawi,2006,121.6227215
Malawi,2007,34.5571841
Malawi,2008,123.9260419
Malawi,2009,194.5330017
Malawi,2010,46.0891676
Malawi,2011,93.2735529
Malawi,2012,80.9328928
Malawi,2013,88.5212935
Malawi,2014,387.1045543
Malawi,2015,509.6792059
Malawi,2016,116.0991915
Malawi,2017,90.19969121
Malawi,2018,959.3956336
Malawi,2019,822.4882308
Malawi,2020,98.01828564
Mali,1999,2.178012308
Mali,2000,82.43957661
Mali,2001,121.7315859
Mali,2002,243.8047714
Mali,2003,132.2608396
Mali,2004,101.0022999
Mali,2005,223.8031501
Mali,2006,83.39230048
Mali,2007,72.7944966
Mali,2008,180.2815958
Mali,2009,748.3470497
Mali,2010,405.9021517
Mali,2011,556.1472961
Mali,2012,397.8664596
Mali,2013,307.9409132
Mali,2014,144.2148312
Mali,2015,275.5255351
Mali,2016,356.4765889
Mali,2017,563.2084704
Mali,2018,467.2953914
Mali,2019,720.6388353
Mali,2020,308.1019148
Mauritania,1999,15.11946
Mauritania,2000,40.096
Mauritania,2001,76.7
Mauritania,2002,67.34035232
Mauritania,2003,101.9579516
Mauritania,2004,404.1020257
Mauritania,2005,811.8691814
Mauritania,2006,154.6016381
Mauritania,2007,139.3728223
Mauritania,2008,342.770662
Mauritania,2009,-3.072044396
Mauritania,2010,130.5283913
Mauritania,2011,588.7495642
Mauritania,2012,1388.587418
Mauritania,2013,1125.683738
Mauritania,2014,501.0379057
Mauritania,2015,502.0739412
Mauritania,2016,271.1978405
Mauritania,2017,587.2437659
Mauritania,2018,772.8904772
Mauritania,2019,886.9163586
Mauritania,2020,977.7004865
Mauritius,1999,49.35320697
Mauritius,2000,276.7661222
Mauritius,2001,-25.64428256
Mauritius,2002,32.10733596
Mauritius,2003,62.07551565
Mauritius,2004,11.16424532
Mauritius,2005,41.56467613
Mauritius,2006,105.3043229
Mauritius,2007,339.0528746
Mauritius,2008,382.9148625
Mauritius,2009,247.8426023
Mauritius,2010,429.9417887
Mauritius,2011,433.3310109
Mauritius,2012,589.0183028
Mauritius,2013,293.3691571
Mauritius,2014,455.5621518
Mauritius,2015,216.4551883
Mauritius,2016,378.7644323
Mauritius,2017,479.9958903
Mauritius,2018,460.5113682
Mauritius,2019,471.4221034
Mauritius,2020,245.9410422
Mozambique,1999,381.6999999
Mozambique,2000,139.3
Mozambique,2001,255.4354914
Mozambique,2002,347.2528305
Mozambique,2003,336.6984008
Mozambique,2004,475.5135728
Mozambique,2005,107.8533189
Mozambique,2006,112.6006603
Mozambique,2007,398.655636
Mozambique,2008,591.5992294
Mozambique,2009,898.2848824
Mozambique,2010,2531.661754
Mozambique,2011,3558.543611
Mozambique,2012,5629.409703
Mozambique,2013,6175.124643
Mozambique,2014,4901.790089
Mozambique,2015,3866.831987
Mozambique,2016,3093.4
Mozambique,2017,2293.1
Mozambique,2018,2703.031294
Mozambique,2019,2211.654426
Mozambique,2020,2337.297117
Namibia,1999,19.60625127
Namibia,2000,186.4055748
Namibia,2001,365.1721767
Namibia,2002,181.3634768
Namibia,2003,148.7488681
Namibia,2004,225.8472156
Namibia,2005,385.2410553
Namibia,2006,386.575747
Namibia,2007,732.9598488
Namibia,2008,720.2665333
Namibia,2009,841.1825101
Namibia,2010,283.7998312
Namibia,2011,817.0653879
Namibia,2012,1060.806921
Namibia,2013,769.8646098
Namibia,2014,441.1737767
Namibia,2015,887.995532
Namibia,2016,355.5902318
Namibia,2017,279.9460362
Namibia,2018,208.556758
Namibia,2019,-178.9256711
Namibia,2020,-74.61140034
Niger,1999,0.276108943
Niger,2000,8.437082149
Niger,2001,22.89509835
Niger,2002,2.404632504
Niger,2003,11.47109429
Niger,2004,20.32236388
Niger,2005,30.29378085
Niger,2006,50.54409149
Niger,2007,129.0387195
Niger,2008,340.4271949
Niger,2009,790.7625385
Niger,2010,940.3162271
Niger,2011,1065.789864
Niger,2012,841.2757797
Niger,2013,719.3384761
Niger,2014,822.9670231
Niger,2015,529.478696
Niger,2016,301.3324781
Niger,2017,338.7107099
Niger,2018,466.0422733
Niger,2019,717.1476396
Niger,2020,366.7937087
Nigeria,1999,1177.707927
Nigeria,2000,1309.665175
Nigeria,2001,1277.420643
Nigeria,2002,2040.182095
Nigeria,2003,2171.390315
Nigeria,2004,2127.086142
Nigeria,2005,4978.26
Nigeria,2006,4897.81
Nigeria,2007,6086.73
Nigeria,2008,8248.64
Nigeria,2009,8649.526667
Nigeria,2010,6098.96303
Nigeria,2011,8914.89
Nigeria,2012,7127.38
Nigeria,2013,5608.463733
Nigeria,2014,4693.828632
Nigeria,2015,3064.168905
Nigeria,2016,3453.258408
Nigeria,2017,2412.974916
Nigeria,2018,775.2474
Nigeria,2019,2305.099812
Nigeria,2020,2385.277666
Rwanda,1999,1.74
Rwanda,2000,8.0999999
Rwanda,2001,18.5
Rwanda,2002,1.5
Rwanda,2003,4.7
Rwanda,2004,7.7
Rwanda,2005,7.96
Rwanda,2006,30.6439664
Rwanda,2007,82.2831658
Rwanda,2008,102.2899999
Rwanda,2009,118.67
Rwanda,2010,250.5048029
Rwanda,2011,119.1053858
Rwanda,2012,254.9632443
Rwanda,2013,257.6
Rwanda,2014,458.8999999
Rwanda,2015,379.8
Rwanda,2016,342.3
Rwanda,2017,356.4365006
Rwanda,2018,381.9115985
Rwanda,2019,353.8444861
Rwanda,2020,134.7549429
Saint Helena,1999,NA
Saint Helena,2000,-3.8399999
Saint Helena,2001,0.23
Saint Helena,2002,NA
Saint Helena,2003,NA
Saint Helena,2004,-0.65
Saint Helena,2005,0.18
Saint Helena,2006,0.06
Saint Helena,2007,0.39
Saint Helena,2008,NA
Saint Helena,2009,NA
Saint Helena,2010,NA
Saint Helena,2011,NA
Saint Helena,2012,NA
Saint Helena,2013,NA
Saint Helena,2014,NA
Saint Helena,2015,NA
Saint Helena,2016,NA
Saint Helena,2017,NA
Saint Helena,2018,NA
Saint Helena,2019,NA
Saint Helena,2020,NA
Sao Tome and Principe,1999,3.04
Sao Tome and Principe,2000,3.7999999
Sao Tome and Principe,2001,3
Sao Tome and Principe,2002,3.6
Sao Tome and Principe,2003,3.3999999
Sao Tome and Principe,2004,3.5
Sao Tome and Principe,2005,15.6999999
Sao Tome and Principe,2006,38
Sao Tome and Principe,2007,36
Sao Tome and Principe,2008,79.0999999
Sao Tome and Principe,2009,15.5
Sao Tome and Principe,2010,50.6
Sao Tome and Principe,2011,32.2
Sao Tome and Principe,2012,22.471527
Sao Tome and Principe,2013,11.1053448
Sao Tome and Principe,2014,41.3859821
Sao Tome and Principe,2015,15.4996151
Sao Tome and Principe,2016,30.6077707
Sao Tome and Principe,2017,29.1844523
Sao Tome and Principe,2018,23.203612
Sao Tome and Principe,2019,24.1917995
Sao Tome and Principe,2020,47.1121848
Senegal,1999,153.24696
Senegal,2000,62.93751475
Senegal,2001,31.94236596
Senegal,2002,78.05299374
Senegal,2003,52.49483827
Senegal,2004,77.02849788
Senegal,2005,44.58848688
Senegal,2006,220.3197613
Senegal,2007,297.4271127
Senegal,2008,397.6328982
Senegal,2009,320.0327837
Senegal,2010,266.1076529
Senegal,2011,338.2189011
Senegal,2012,276.1754031
Senegal,2013,311.3667712
Senegal,2014,403.0980563
Senegal,2015,409.1661244
Senegal,2016,472.4097959
Senegal,2017,588.2929975
Senegal,2018,847.8415754
Senegal,2019,1065.46282
Senegal,2020,1480.500726
Seychelles,1999,55.21676793
Seychelles,2000,24.3269826
Seychelles,2001,64.7402749
Seychelles,2002,47.7177771
Seychelles,2003,58.4255047
Seychelles,2004,37.4466703
Seychelles,2005,85.8796027
Seychelles,2006,145.5859532
Seychelles,2007,181.628
Seychelles,2008,182.105
Seychelles,2009,171.401
Seychelles,2010,210.816
Seychelles,2011,207.356
Seychelles,2012,261.36
Seychelles,2013,170.25
Seychelles,2014,229.96
Seychelles,2015,194.546
Seychelles,2016,155.238
Seychelles,2017,191.9476607
Seychelles,2018,119.5235314
Seychelles,2019,143.7418556
Seychelles,2020,122.2948358
Sierra Leone,1999,0.53320031
Sierra Leone,2000,39.00091773
Sierra Leone,2001,9.835762656
Sierra Leone,2002,10.41342906
Sierra Leone,2003,8.615054047
Sierra Leone,2004,61.15322252
Sierra Leone,2005,83.18225077
Sierra Leone,2006,58.76802469
Sierra Leone,2007,96.57770527
Sierra Leone,2008,57.62382149
Sierra Leone,2009,110.8455097
Sierra Leone,2010,238.4372903
Sierra Leone,2011,950.4782533
Sierra Leone,2012,722.4468467
Sierra Leone,2013,429.6644863
Sierra Leone,2014,375.0896951
Sierra Leone,2015,252.4359045
Sierra Leone,2016,137.965734
Sierra Leone,2017,128.8834499
Sierra Leone,2018,217.8129189
Sierra Leone,2019,367.6999999
Sierra Leone,2020,348.6999999
Somalia,1999,-0.81
Somalia,2000,0.27
Somalia,2001,0.04
Somalia,2002,0.14
Somalia,2003,-0.85
Somalia,2004,-4.79
Somalia,2005,24
Somalia,2006,96
Somalia,2007,141
Somalia,2008,87
Somalia,2009,108
Somalia,2010,112
Somalia,2011,102
Somalia,2012,107.33
Somalia,2013,258
Somalia,2014,261
Somalia,2015,303
Somalia,2016,330
Somalia,2017,369
Somalia,2018,408
Somalia,2019,447
Somalia,2020,464
South Africa,1999,1503.237591
South Africa,2000,887.3416208
South Africa,2001,6783.921349
South Africa,2002,1569.155749
South Africa,2003,733.6660167
South Africa,2004,798.0259115
South Africa,2005,6646.926642
South Africa,2006,311.4501111
South Africa,2007,6538.06193
South Africa,2008,9209.172495
South Africa,2009,7502.062271
South Africa,2010,3635.596253
South Africa,2011,4242.86578
South Africa,2012,4558.847353
South Africa,2013,8300.10378
South Africa,2014,5770.658991
South Africa,2015,1729.376993
South Africa,2016,2235.001472
South Africa,2017,2008.360978
South Africa,2018,5449.554014
South Africa,2019,5124.986962
South Africa,2020,3106.48726
South Sudan,1999,NA
South Sudan,2000,NA
South Sudan,2001,NA
South Sudan,2002,NA
South Sudan,2003,NA
South Sudan,2004,NA
South Sudan,2005,NA
South Sudan,2006,NA
South Sudan,2007,NA
South Sudan,2008,NA
South Sudan,2009,NA
South Sudan,2010,NA
South Sudan,2011,NA
South Sudan,2012,161
South Sudan,2013,-793
South Sudan,2014,44
South Sudan,2015,0.15
South Sudan,2016,-7.8499999
South Sudan,2017,1.4199999
South Sudan,2018,60.14
South Sudan,2019,-231.84
South Sudan,2020,17.5
"Tanzania, United Republic of",1999,496.6
"Tanzania, United Republic of",2000,1012.626174
"Tanzania, United Republic of",2001,467.1999999
"Tanzania, United Republic of",2002,387.6
"Tanzania, United Republic of",2003,308.1999999
"Tanzania, United Republic of",2004,330.6
"Tanzania, United Republic of",2005,935.5205917
"Tanzania, United Republic of",2006,403.0389913
"Tanzania, United Republic of",2007,581.5118069
"Tanzania, United Republic of",2008,1383.25
"Tanzania, United Republic of",2009,952.61
"Tanzania, United Republic of",2010,1813.25
"Tanzania, United Republic of",2011,1229.38
"Tanzania, United Republic of",2012,1799.6
"Tanzania, United Republic of",2013,2087.3
"Tanzania, United Republic of",2014,1416.1
"Tanzania, United Republic of",2015,1560.8
"Tanzania, United Republic of",2016,864.04
"Tanzania, United Republic of",2017,937.7
"Tanzania, United Republic of",2018,971.576866
"Tanzania, United Republic of",2019,990.6261737
"Tanzania, United Republic of",2020,1012.626174
Togo,1999,31.68268911
Togo,2000,41.47190355
Togo,2001,63.58461146
Togo,2002,53.36390297
Togo,2003,33.73365451
Togo,2004,59.35811163
Togo,2005,76.99234835
Togo,2006,77.33557727
Togo,2007,49.16257535
Togo,2008,23.88316343
Togo,2009,48.53172267
Togo,2010,85.82671919
Togo,2011,711.0874697
Togo,2012,121.5185485
Togo,2013,183.5992504
Togo,2014,54.01941071
Togo,2015,257.8602555
Togo,2016,-46.30833572
Togo,2017,88.56006582
Togo,2018,-183.3875768
Togo,2019,345.6969668
Togo,2020,639.4832365
Uganda,1999,140.2470512
Uganda,2000,180.8121074
Uganda,2001,151.496
Uganda,2002,184.648
Uganda,2003,202.193
Uganda,2004,295.416
Uganda,2005,379.8079999
Uganda,2006,644.2619999
Uganda,2007,792.306
Uganda,2008,728.8609999
Uganda,2009,841.5708027
Uganda,2010,543.8727273
Uganda,2011,894.293858
Uganda,2012,1205.388488
Uganda,2013,1096
Uganda,2014,1058.56454
Uganda,2015,737.6521402
Uganda,2016,625.7043619
Uganda,2017,802.704141
Uganda,2018,1055.353353
Uganda,2019,1258.885586
Uganda,2020,822.5897382
Zambia,1999,85.9609999
Zambia,2000,121.7
Zambia,2001,145
Zambia,2002,298.36
Zambia,2003,346.62
Zambia,2004,364
Zambia,2005,356.94
Zambia,2006,615.7899999
Zambia,2007,1323.9
Zambia,2008,938.62
Zambia,2009,694.7999999
Zambia,2010,1729.3
Zambia,2011,1108.5
Zambia,2012,1731.5
Zambia,2013,2099.8
Zambia,2014,1488.7
Zambia,2015,1304.9
Zambia,2016,662.8999999
Zambia,2017,1107.5
Zambia,2018,408.4384916
Zambia,2019,547.9679096
Zambia,2020,234.0317501
Zimbabwe,1999,59
Zimbabwe,2000,23.1999999
Zimbabwe,2001,3.7999999
Zimbabwe,2002,25.8999999
Zimbabwe,2003,3.7999999
Zimbabwe,2004,8.6999999
Zimbabwe,2005,102.8
Zimbabwe,2006,40
Zimbabwe,2007,68.9
Zimbabwe,2008,51.6
Zimbabwe,2009,105
Zimbabwe,2010,165.9
Zimbabwe,2011,387
Zimbabwe,2012,399.5
Zimbabwe,2013,400
Zimbabwe,2014,544.7999999
Zimbabwe,2015,421
Zimbabwe,2016,371.8105035
Zimbabwe,2017,349.4195797
Zimbabwe,2018,744.6371991
Zimbabwe,2019,280
Zimbabwe,2020,194.36
Africa,1999,11892.30067
Africa,2000,10381.77242
Africa,2001,19972.56154
Africa,2002,14761.25999
Africa,2003,18156.99086
Africa,2004,17646.79175
Africa,2005,29260.30501
Africa,2006,34593.72186
Africa,2007,50863.88186
Africa,2008,58391.17904
Africa,2009,56866.29065
Africa,2010,47242.97528
Africa,2011,46440.85152
Africa,2012,57086.83239
Africa,2013,50637.13237
Africa,2014,54497.56025
Africa,2015,57902.3256
Africa,2016,46248.59679
Africa,2017,40175.73646
Africa,2018,45374.22393
Africa,2019,47142.67604
Africa,2020,39785.21662
Sub-Saharan Africa,1999,8544.351454
Sub-Saharan Africa,2000,7131.643241
Sub-Saharan Africa,2001,14614.94895
Sub-Saharan Africa,2002,10889.69833
Sub-Saharan Africa,2003,12891.43694
Sub-Saharan Africa,2004,11202.89386
Sub-Saharan Africa,2005,17646.91688
Sub-Saharan Africa,2006,12999.19627
Sub-Saharan Africa,2007,27767.01833
Sub-Saharan Africa,2008,36185.70173
Sub-Saharan Africa,2009,38724.75558
Sub-Saharan Africa,2010,31497.05685
Sub-Saharan Africa,2011,38892.50714
Sub-Saharan Africa,2012,41488.83857
Sub-Saharan Africa,2013,37879.7377
Sub-Saharan Africa,2014,42502.73843
Sub-Saharan Africa,2015,45575.75453
Sub-Saharan Africa,2016,32399.58363
Sub-Saharan Africa,2017,26902.57855
Sub-Saharan Africa,2018,30036.23151
Sub-Saharan Africa,2019,33360.75085
Sub-Saharan Africa,2020,29675.82879
Eastern Africa,1999,1555.82415
Eastern Africa,2000,2198.163405
Eastern Africa,2001,1584.367596
Eastern Africa,2002,1734.3091
Eastern Africa,2003,2017.3266389999999
Eastern Africa,2004,2334.4181830000002
Eastern Africa,2005,2538.589866
Eastern Africa,2006,3329.765825
Eastern Africa,2007,6014.45841
Eastern Africa,2008,6992.559584
Eastern Africa,2009,7858.631458
Eastern Africa,2010,10904.98604
Eastern Africa,2011,11925.7536
Eastern Africa,2012,15613.62726
Eastern Africa,2013,16348.02072
Eastern Africa,2014,15180.36866
Eastern Africa,2015,14206.51499
Eastern Africa,2016,12880.51232
Eastern Africa,2017,12982.65833
Eastern Africa,2018,13312.48365
Eastern Africa,2019,11711.11646
Eastern Africa,2020,9483.127234
Middle Africa,1999,2957.854372
Middle Africa,2000,1529.231518
Middle Africa,2001,3717.962483
Middle Africa,2002,3963.34557
Middle Africa,2003,6250.846258
Middle Africa,2004,3703.931616
Middle Africa,2005,719.8722103
Middle Africa,2006,1319.938022
Middle Africa,2007,4297.881329
Middle Africa,2008,6042.128015
Middle Africa,2009,7543.26727
Middle Africa,2010,4320.729455
Middle Africa,2011,2405.715663
Middle Africa,2012,3740.539031
Middle Africa,2013,-1957.788695
Middle Africa,2014,8471.579332
Middle Africa,2015,17934.71028
Middle Africa,2016,4880.803149
Middle Africa,2017,1192.175846
Middle Africa,2018,2514.76519
Middle Africa,2019,4404.431054
Middle Africa,2020,7170.171914
Southern Africa,1999,1692.639207
Southern Africa,2000,1273.186296
Southern Africa,2001,7237.634668
Southern Africa,2002,2278.77015
Southern Africa,2003,1280.448764
Southern Africa,2004,1541.205208
Southern Africa,2005,7292.3052960000005
Southern Africa,2006,1329.7517
Southern Africa,2007,7878.708568
Southern Africa,2008,10567.07969
Southern Africa,2009,8708.941753
Southern Africa,2010,4266.914613
Southern Africa,2011,5522.728647
Southern Africa,2012,5854.386589
Southern Africa,2013,9272.177601
Southern Africa,2014,6847.054152
Southern Africa,2015,3243.747733
Southern Africa,2016,2913.699148
Southern Africa,2017,2615.971877
Southern Africa,2018,6109.240283
Southern Africa,2019,5287.489914
Southern Africa,2020,3254.866275
Western Africa,1999,2338.033725
Western Africa,2000,2131.062023
Western Africa,2001,2074.984205
Western Africa,2002,2913.273507
Western Africa,2003,3342.815278
Western Africa,2004,3623.338852
Western Africa,2005,7096.14951
Western Africa,2006,7019.740725
Western Africa,2007,9575.970021
Western Africa,2008,12583.93445
Western Africa,2009,14613.9151
Western Africa,2010,12004.42675
Western Africa,2011,19038.30923
Western Africa,2012,16280.28568
Western Africa,2013,14217.32807
Western Africa,2014,12003.73629
Western Africa,2015,10190.78153
Western Africa,2016,11724.56901
Western Africa,2017,10111.7725
Western Africa,2018,8099.742383
Western Africa,2019,11957.71341
Western Africa,2020,9767.663366
